time,vehicle_id,x,y
149,65,495.41,-44.71
150,65,492.95,-44.47
151,65,488.7,-44.04
152,65,481.91,-43.36
153,65,472.57,-42.43
154,65,461.48,-41.32
155,65,449.68,-40.14
156,65,437.85,-38.96
157,65,425.75,-37.75
158,65,414.17,-36.59
159,65,402.6,-35.43
160,65,391.06,-34.28
161,65,378.94,-33.07
162,65,367.16,-31.89
163,65,355.75,-30.75
164,65,343.62,-29.54
165,65,331.35,-28.31
166,65,319.03,-27.08
167,65,306.86,-25.86
168,65,295.08,-27.9
169,65,282.89,-26.68
170,65,271.27,-25.52
171,65,259.88,-24.38
172,65,248.05,-23.2
173,65,236.68,-22.06
174,65,225.0,-20.89
175,65,212.58,-19.65
176,65,201.19,-18.51
177,65,188.98,-17.29
178,65,177.59,-16.15
179,65,165.86,-14.98
180,65,154.26,-13.82
181,65,142.77,-12.67
182,65,131.47,-11.54
183,65,119.54,-10.34
184,65,107.86,-9.18
185,65,96.66,-8.06
186,65,84.85,-6.88
186,81,495.41,-44.71
187,65,73.08,-5.7
187,81,492.98,-44.47
188,65,61.02,-4.49
188,81,488.85,-44.06
189,65,48.93,-3.28
189,81,483.35,-43.51
190,65,40.0,-2.39
190,81,475.37,-42.71
191,65,35.55,-1.94
191,81,465.55,-41.73
192,65,33.97,-1.79
192,81,453.49,-40.52
193,65,33.9,-1.78
193,81,439.36,-39.11
194,65,33.9,-1.78
194,81,424.34,-37.61
195,65,33.9,-1.78
195,81,409.0,-36.07
196,65,33.9,-1.78
196,81,394.25,-34.6
197,65,33.9,-1.78
197,81,379.76,-33.15
198,65,33.9,-1.78
198,81,364.76,-34.87
199,65,33.9,-1.78
199,81,349.58,-33.35
200,65,33.9,-1.78
200,81,334.84,-31.88
201,65,33.9,-1.78
201,81,319.68,-30.36
202,65,33.9,-1.78
202,81,304.74,-28.87
202,88,495.41,-44.71
203,65,33.9,-1.78
203,81,289.38,-27.33
203,88,493.09,-44.48
204,65,33.9,-1.78
204,81,275.04,-25.9
204,88,489.28,-44.1
205,65,33.9,-1.78
205,81,260.44,-24.44
205,88,483.56,-43.53
206,65,33.9,-1.78
206,81,245.74,-22.97
206,88,475.88,-42.76
207,65,33.9,-1.78
207,81,231.22,-21.51
207,88,466.47,-41.82
208,65,33.9,-1.78
208,81,215.92,-19.98
208,88,455.69,-40.74
209,65,33.9,-1.78
209,81,200.73,-18.46
209,88,442.77,-39.45
210,65,33.35,-1.72
210,81,186.39,-17.03
210,88,429.21,-38.09
211,65,30.99,-1.49
211,81,171.61,-15.55
211,88,415.58,-36.73
212,65,26.38,-1.03
212,81,156.84,-14.07
212,88,402.14,-35.39
213,65,20.81,-0.47
213,81,142.23,-12.61
213,88,388.93,-34.07
214,65,13.76,0.24
214,81,127.0,-11.09
214,88,374.67,-32.64
215,65,6.5,0.39
215,81,112.01,-9.59
215,88,361.14,-31.29
216,65,0.25,-2.87
216,81,96.71,-8.06
216,88,347.53,-29.93
217,65,-2.5,-9.68
217,81,81.47,-6.54
217,88,333.34,-31.73
218,65,-3.33,-17.18
218,81,67.03,-5.09
218,88,319.08,-30.3
219,65,-4.23,-26.24
219,81,52.19,-3.61
219,88,305.68,-28.96
220,65,-5.27,-36.64
220,81,37.77,-2.17
220,88,291.85,-27.58
221,65,-6.45,-48.37
221,81,22.88,-0.68
221,88,278.09,-26.2
222,65,-7.58,-59.74
222,81,14.95,0.12
222,88,263.89,-24.78
223,65,-8.83,-72.16
223,81,11.51,0.46
223,88,249.77,-23.37
224,65,-10.01,-83.98
224,81,11.51,0.46
224,88,236.32,-22.02
225,65,-11.13,-95.16
225,81,11.51,0.46
225,88,222.28,-20.62
226,65,-12.34,-107.27
226,81,11.51,0.46
226,88,208.97,-19.29
227,65,-13.47,-118.56
227,81,11.51,0.46
227,88,195.49,-17.94
228,65,-14.69,-130.82
228,81,11.51,0.46
228,88,182.16,-16.61
229,65,-19.0,-141.78
229,81,11.51,0.46
229,88,169.04,-15.29
230,65,-20.21,-153.81
230,81,11.51,0.46
230,88,154.68,-13.86
231,65,-21.39,-165.62
231,81,11.51,0.46
231,88,140.4,-12.43
232,65,-22.53,-177.02
232,81,11.51,0.46
232,88,127.22,-11.11
233,65,-23.71,-188.81
233,81,11.51,0.46
233,88,114.0,-9.79
234,65,-24.91,-200.83
234,81,11.51,0.46
234,88,100.13,-8.4
235,65,-26.05,-212.23
235,81,11.51,0.46
235,88,86.35,-7.02
236,65,-27.18,-223.53
236,81,11.51,0.46
236,88,72.93,-5.68
237,65,-28.34,-235.17
237,81,11.51,0.46
237,88,58.57,-4.25
238,65,-29.49,-246.68
238,81,11.51,0.46
238,88,45.06,-2.9
239,65,-30.69,-258.64
239,81,11.51,0.46
239,88,31.96,-1.59
240,65,-31.9,-270.71
240,81,11.51,0.46
240,88,23.34,-0.72
241,65,-33.06,-282.32
241,81,11.51,0.46
241,88,19.01,-0.29
242,65,-34.24,-294.14
242,81,11.51,0.46
242,88,18.98,-0.29
243,65,-35.46,-306.32
243,81,11.51,0.46
243,88,18.97,-0.29
244,65,-36.65,-318.23
244,81,11.51,0.46
244,88,18.97,-0.29
245,65,-37.8,-329.78
245,81,11.51,0.46
245,88,18.97,-0.29
246,65,-39.01,-341.86
246,81,11.51,0.46
246,88,18.97,-0.29
247,65,-40.17,-353.43
247,81,11.51,0.46
247,88,18.97,-0.29
248,65,-41.3,-364.7
248,81,11.51,0.46
248,88,18.97,-0.29
249,65,-42.49,-376.59
249,81,11.51,0.46
249,88,18.97,-0.29
250,65,-43.62,-387.95
250,81,11.51,0.46
250,88,18.97,-0.29
251,65,-44.81,-399.8
251,81,11.51,0.46
251,88,18.97,-0.29
252,65,-46.0,-411.72
252,81,11.51,0.46
252,88,18.97,-0.29
253,65,-47.18,-423.51
253,81,11.51,0.46
253,88,18.97,-0.29
254,65,-48.42,-435.94
254,81,11.51,0.46
254,88,18.97,-0.29
255,65,-49.6,-447.74
255,81,11.51,0.46
255,88,18.97,-0.29
256,65,-50.84,-460.09
256,81,11.51,0.46
256,88,18.97,-0.29
257,65,-52.02,-471.92
257,81,11.51,0.46
257,88,18.97,-0.29
258,65,-53.15,-483.27
258,81,11.51,0.46
258,88,18.97,-0.29
259,65,-54.32,-494.87
259,81,11.51,0.46
259,88,18.97,-0.29
260,81,11.51,0.46
260,88,18.97,-0.29
261,81,11.51,0.46
261,88,18.97,-0.29
262,81,11.51,0.46
262,88,18.97,-0.29
263,81,11.51,0.46
263,88,18.97,-0.29
264,81,11.51,0.46
264,88,18.97,-0.29
265,81,11.51,0.46
265,88,18.97,-0.29
266,81,11.51,0.46
266,88,18.97,-0.29
267,81,11.51,0.46
267,88,18.97,-0.29
268,81,11.51,0.46
268,88,18.97,-0.29
269,81,11.51,0.46
269,88,18.97,-0.29
270,81,11.51,0.46
270,88,18.97,-0.29
271,81,11.51,0.46
271,88,18.97,-0.29
272,81,11.51,0.46
272,88,18.97,-0.29
273,81,11.51,0.46
273,88,18.97,-0.29
274,81,11.51,0.46
274,88,18.97,-0.29
275,81,11.51,0.46
275,88,18.97,-0.29
276,81,11.51,0.46
276,88,18.97,-0.29
277,81,11.51,0.46
277,88,18.97,-0.29
278,81,11.51,0.46
278,88,18.97,-0.29
279,81,11.51,0.46
279,88,18.97,-0.29
280,81,11.51,0.46
280,88,18.97,-0.29
281,81,11.51,0.46
281,88,18.97,-0.29
282,81,11.51,0.46
282,88,18.97,-0.29
283,81,11.51,0.46
283,88,18.97,-0.29
284,81,11.51,0.46
284,88,18.97,-0.29
285,81,11.51,0.46
285,88,18.97,-0.29
286,81,11.51,0.46
286,88,18.97,-0.29
287,81,11.51,0.46
287,88,18.97,-0.29
288,81,11.51,0.46
288,88,18.97,-0.29
289,81,11.51,0.46
289,88,18.97,-0.29
290,81,11.51,0.46
290,88,18.97,-0.29
291,81,11.51,0.46
291,88,18.97,-0.29
292,81,11.51,0.46
292,88,18.97,-0.29
293,81,11.51,0.46
293,88,18.97,-0.29
294,81,11.51,0.46
294,88,18.97,-0.29
295,81,9.58,0.52
295,88,18.97,-0.29
296,81,6.03,0.37
296,88,18.0,-0.19
297,81,0.71,-2.25
297,88,15.37,0.07
298,81,-2.53,-9.78
298,88,11.19,0.49
299,81,-3.55,-19.41
299,88,5.33,0.34
300,81,-4.75,-31.43
300,88,-0.96,-4.5
301,81,-6.15,-45.36
301,88,-2.96,-13.54
302,81,-7.58,-59.68
302,88,-4.06,-24.51
303,81,-9.08,-74.68
303,88,-5.41,-37.96
304,81,-10.53,-89.15
304,88,-6.83,-52.21
305,81,-12.02,-104.05
305,88,-8.2,-65.93
306,81,-13.55,-119.42
306,88,-9.54,-79.27
307,81,-15.02,-134.14
307,88,-10.96,-93.48
308,81,-16.47,-148.6
308,88,-12.33,-107.21
309,81,-18.01,-163.97
309,88,-13.72,-121.1
310,81,-19.54,-179.31
310,88,-15.04,-134.3
311,81,-21.02,-194.12
311,88,-16.46,-148.49
312,81,-22.48,-208.73
312,88,-17.86,-162.47
313,81,-23.91,-223.03
313,88,-19.25,-176.36
314,81,-25.41,-238.03
314,88,-20.66,-190.48
315,81,-26.83,-252.24
315,88,-22.02,-204.11
316,81,-28.38,-267.67
316,88,-26.59,-217.62
317,81,-29.86,-282.53
317,88,-28.01,-231.83
318,81,-34.59,-297.62
318,88,-29.34,-245.17
319,81,-36.13,-313.06
319,88,-30.78,-259.53
320,81,-37.61,-327.8
320,88,-32.1,-272.74
321,81,-39.05,-342.21
321,88,-33.48,-286.52
322,81,-40.57,-357.4
322,88,-34.8,-299.78
323,81,-42.08,-372.56
323,88,-36.23,-314.08
324,81,-43.62,-387.95
324,88,-37.62,-327.98
325,81,-45.12,-402.95
325,88,-38.95,-341.19
326,81,-46.63,-418.06
326,88,-40.36,-355.3
327,81,-48.06,-432.32
327,88,-41.78,-369.52
328,81,-49.51,-446.79
328,88,-43.1,-382.72
329,81,-51.03,-461.99
329,88,-44.51,-396.83
330,81,-52.57,-477.4
330,88,-45.92,-410.88
331,81,-54.01,-491.83
331,88,-47.35,-425.23
332,88,-48.73,-439.05
333,88,-50.15,-453.26
334,88,-51.54,-467.12
335,88,-52.85,-480.23
336,88,-54.24,-494.13
348,152,495.41,-44.71
349,152,492.9,-44.46
350,152,487.92,-43.96
351,152,481.62,-43.33
352,152,473.15,-42.49
353,152,462.99,-41.47
354,152,450.41,-40.21
355,152,438.95,-39.07
356,152,427.24,-37.9
357,152,415.09,-36.68
358,152,402.81,-35.45
359,152,390.41,-34.21
360,152,377.87,-32.96
361,152,365.75,-31.75
362,152,353.6,-30.53
363,152,341.37,-29.31
364,152,329.73,-28.15
365,152,317.14,-26.89
366,152,305.24,-25.7
367,152,293.6,-24.53
368,152,281.67,-26.56
369,152,269.34,-25.33
370,152,257.62,-24.15
371,152,245.93,-22.98
372,152,234.03,-21.79
373,152,221.37,-20.53
374,152,208.95,-19.29
375,152,196.32,-18.02
376,152,184.03,-16.79
377,152,171.63,-15.55
378,152,159.08,-14.3
379,152,146.5,-13.04
380,152,134.06,-11.8
381,152,121.94,-10.58
382,152,110.34,-9.42
383,152,98.32,-8.22
384,152,86.63,-7.05
385,152,74.71,-5.86
386,152,63.08,-4.7
387,152,51.54,-3.54
388,152,39.45,-2.33
389,152,27.93,-1.18
390,152,16.17,-0.01
391,152,8.05,0.45
392,152,0.61,-2.4
393,152,-2.48,-9.6
394,152,-3.39,-17.81
395,152,-4.42,-28.06
396,152,-5.6,-39.93
397,152,-6.81,-52.04
398,152,-8.06,-64.54
399,152,-9.28,-76.74
400,152,-10.46,-88.46
401,152,-11.7,-100.91
402,152,-12.95,-113.38
403,152,-14.13,-125.23
404,152,-18.53,-137.02
405,152,-19.74,-149.13
406,152,-20.91,-160.9
407,152,-22.07,-172.43
408,152,-23.33,-185.08
409,152,-24.59,-197.7
410,152,-25.79,-209.62
411,152,-27.01,-221.89
412,152,-28.24,-234.15
413,152,-29.48,-246.59
414,152,-30.65,-258.21
415,152,-31.87,-270.48
416,152,-33.11,-282.82
417,152,-34.38,-295.52
418,152,-35.56,-307.36
419,152,-36.75,-319.23
420,152,-37.89,-330.68
421,152,-39.11,-342.82
421,184,495.41,-44.71
422,152,-40.35,-355.22
422,184,493.01,-44.47
423,152,-41.52,-366.91
423,184,488.61,-44.03
424,152,-42.72,-378.89
424,184,482.33,-43.4
425,152,-43.92,-390.91
425,184,473.95,-42.57
426,152,-45.11,-402.82
426,184,463.47,-41.52
427,152,-46.37,-415.46
427,184,450.8,-40.25
428,152,-47.61,-427.86
428,184,435.76,-38.75
429,152,-48.8,-439.71
429,184,420.97,-37.27
430,152,-49.99,-451.61
430,184,406.16,-35.79
431,152,-51.26,-464.3
431,184,392.03,-34.38
432,152,-52.45,-476.23
432,184,377.14,-32.89
433,152,-53.61,-487.86
433,184,362.4,-31.41
434,184,348.29,-30.0
435,184,333.03,-31.7
436,184,318.21,-30.21
437,184,302.97,-28.69
438,184,288.32,-27.22
439,184,273.06,-25.7
440,184,258.72,-24.26
441,184,243.81,-22.77
442,184,229.13,-21.3
443,184,213.78,-19.77
444,184,199.24,-18.32
445,184,184.48,-16.84
446,184,169.09,-15.3
447,184,153.84,-13.77
448,184,138.46,-12.24
449,184,123.09,-10.7
450,184,107.71,-9.16
451,184,92.54,-7.64
452,184,77.75,-6.16
453,184,62.53,-4.64
454,184,49.1,-3.3
455,184,39.87,-2.38
456,184,35.11,-1.9
457,184,34.34,-1.82
458,184,33.99,-1.79
459,184,33.92,-1.78
460,184,33.9,-1.78
461,184,33.9,-1.78
462,184,33.9,-1.78
463,184,33.9,-1.78
464,184,33.9,-1.78
465,184,33.9,-1.78
466,184,33.9,-1.78
467,184,33.9,-1.78
468,184,33.9,-1.78
469,184,33.9,-1.78
470,184,33.9,-1.78
471,184,33.9,-1.78
472,184,33.9,-1.78
473,184,33.9,-1.78
474,184,33.08,-1.7
475,184,29.92,-1.38
476,184,25.1,-0.9
477,184,18.3,-0.22
478,184,10.38,0.55
479,184,2.1,-1.13
480,184,-2.07,-7.93
481,184,-3.33,-17.18
482,184,-4.49,-28.75
483,184,-5.79,-41.75
484,184,-7.01,-54.02
485,184,-8.25,-66.44
485,212,495.41,-44.71
486,184,-9.48,-78.69
486,212,493.21,-44.49
487,184,-10.71,-91.05
487,212,489.09,-44.08
488,184,-12.1,-104.94
488,212,483.35,-43.51
489,184,-13.33,-117.19
489,212,475.82,-42.75
490,184,-14.47,-128.6
490,212,466.22,-41.79
491,184,-15.76,-141.54
491,212,454.28,-40.6
492,184,-17.26,-156.55
492,212,440.5,-39.22
493,184,-18.69,-170.78
493,212,427.09,-37.88
494,184,-20.2,-185.87
494,212,412.68,-36.44
495,184,-21.71,-201.04
495,212,398.3,-35.0
496,184,-23.14,-215.29
496,212,384.12,-33.59
497,184,-24.59,-229.84
497,212,370.78,-32.25
498,184,-26.02,-244.09
498,212,356.8,-30.85
499,184,-27.5,-258.9
499,212,342.86,-32.68
500,184,-29.0,-273.92
500,212,329.29,-31.32
501,184,-30.51,-288.99
501,212,315.58,-29.95
502,184,-32.03,-304.26
502,212,302.0,-28.59
503,184,-33.53,-319.24
503,212,288.41,-27.23
504,184,-35.02,-334.13
504,212,274.29,-25.82
505,184,-36.51,-348.98
505,212,259.81,-24.37
506,184,-37.96,-363.49
506,212,245.83,-22.97
507,184,-39.49,-378.83
507,212,232.3,-21.62
508,184,-40.92,-393.16
508,212,218.52,-20.24
509,184,-42.43,-408.26
509,212,204.72,-18.86
510,184,-43.91,-423.07
510,212,191.12,-17.5
511,184,-45.41,-438.05
511,212,177.06,-16.1
512,184,-46.84,-452.33
512,212,163.8,-14.77
513,184,-48.3,-466.99
513,212,150.06,-13.4
514,184,-49.84,-482.38
514,212,136.06,-12.0
515,184,-51.27,-496.62
515,212,121.89,-10.58
516,212,108.44,-9.23
517,212,94.32,-7.82
518,212,80.67,-6.46
519,212,67.15,-5.1
520,212,53.39,-3.73
521,212,40.77,-2.47
522,212,31.98,-1.59
523,212,27.13,-1.1
524,212,26.65,-1.05
525,212,26.44,-1.03
526,212,26.43,-1.03
527,212,26.43,-1.03
528,212,26.43,-1.03
529,212,26.43,-1.03
530,212,25.06,-0.9
531,212,22.84,-0.67
532,212,20.87,-0.48
533,212,19.9,-0.38
534,212,19.32,-0.32
535,212,19.01,-0.29
536,212,18.98,-0.29
537,212,18.98,-0.29
538,212,18.97,-0.29
539,212,18.97,-0.29
540,212,18.97,-0.29
541,212,18.97,-0.29
542,212,18.97,-0.29
543,212,18.97,-0.29
544,212,18.97,-0.29
545,212,18.97,-0.29
546,212,18.97,-0.29
547,212,18.97,-0.29
548,212,18.97,-0.29
549,212,18.97,-0.29
550,212,18.97,-0.29
551,212,18.97,-0.29
552,212,18.97,-0.29
553,212,18.97,-0.29
554,212,18.97,-0.29
555,212,18.97,-0.29
556,212,18.97,-0.29
557,212,18.97,-0.29
558,212,18.97,-0.29
559,212,18.97,-0.29
560,212,17.67,-0.16
561,212,15.36,0.08
562,212,11.02,0.51
563,212,5.01,0.24
564,212,-0.74,-4.2
565,212,-2.89,-12.81
566,212,-4.03,-24.2
567,212,-5.35,-37.42
568,212,-6.8,-51.89
569,212,-8.17,-65.55
570,212,-9.59,-79.77
571,212,-11.0,-93.86
572,212,-12.37,-107.61
573,212,-13.74,-121.35
574,212,-15.1,-134.9
575,212,-16.52,-149.07
576,212,-17.96,-163.49
577,212,-19.32,-177.06
578,212,-20.72,-191.12
579,212,-22.15,-205.4
580,212,-23.53,-219.19
581,212,-28.15,-233.27
582,212,-29.59,-247.63
583,212,-31.01,-261.84
584,212,-32.34,-275.15
585,212,-33.69,-288.6
586,212,-35.08,-302.58
587,212,-36.44,-316.11
588,212,-37.89,-330.62
589,212,-39.29,-344.68
590,212,-40.63,-358.03
591,212,-42.08,-372.51
592,212,-43.49,-386.59
593,212,-44.83,-400.04
594,212,-46.25,-414.19
595,212,-47.68,-428.5
596,212,-49.05,-442.19
597,212,-50.39,-455.61
598,212,-51.83,-470.07
599,212,-53.21,-483.87
600,212,-54.58,-497.48
620,271,495.41,-44.71
621,271,494.08,-44.58
622,271,490.67,-44.24
623,271,484.84,-43.66
623,272,495.41,-44.71
624,271,476.65,-42.84
624,272,493.3,-44.5
625,271,466.12,-41.78
625,272,489.47,-44.12
626,271,453.39,-40.51
626,272,484.16,-43.59
627,271,438.99,-39.07
627,272,476.56,-42.83
628,271,424.47,-37.62
628,272,467.36,-41.91
629,271,410.13,-36.19
629,272,456.19,-40.79
630,271,396.06,-34.78
630,272,442.72,-39.44
631,271,381.46,-33.32
631,272,428.44,-38.02
632,271,367.3,-31.9
632,272,414.35,-36.61
633,271,352.77,-30.45
633,272,400.38,-35.21
634,271,338.63,-29.04
634,272,385.97,-33.77
635,271,323.18,-30.71
635,272,371.86,-32.36
636,271,308.38,-29.23
636,272,357.65,-30.94
637,271,293.47,-27.74
637,272,344.07,-29.58
638,271,279.3,-26.32
638,272,329.68,-31.36
639,271,264.76,-24.87
639,272,316.15,-30.01
640,271,250.64,-23.46
640,272,302.08,-28.6
641,271,235.54,-21.95
641,272,287.77,-27.17
642,271,221.04,-20.5
642,272,273.34,-25.73
643,271,206.23,-19.01
643,272,258.87,-24.28
644,271,191.75,-17.57
644,272,244.58,-22.85
645,271,176.49,-16.04
645,272,229.96,-21.39
646,271,161.26,-14.52
646,272,215.74,-19.96
647,271,147.22,-13.11
647,272,201.09,-18.5
648,271,133.05,-11.7
648,272,186.67,-17.06
649,271,118.49,-10.24
649,272,172.07,-15.6
650,271,103.33,-8.72
650,272,157.69,-14.16
650,284,495.41,-44.71
651,271,88.09,-7.2
651,272,143.61,-12.75
651,284,493.23,-44.5
652,271,73.18,-5.71
652,272,129.66,-11.36
652,284,489.62,-44.13
653,271,58.28,-4.22
653,272,115.53,-9.94
653,284,484.44,-43.62
654,271,44.02,-2.79
654,272,101.16,-8.51
654,284,477.86,-42.96
655,271,29.94,-1.38
655,272,87.22,-7.11
655,284,469.29,-42.1
656,271,16.03,0.01
656,272,73.07,-5.7
656,284,458.71,-41.04
657,271,6.2,0.37
657,272,58.45,-4.23
657,284,445.97,-39.77
658,271,-1.16,-4.78
658,272,44.43,-2.83
658,284,431.68,-38.34
659,271,-2.96,-13.54
659,272,30.57,-1.45
659,284,417.43,-36.92
660,271,-4.09,-24.83
660,272,17.29,-0.12
660,284,402.67,-35.44
661,271,-5.41,-37.98
661,272,7.74,0.44
661,284,387.88,-33.96
662,271,-6.81,-52.02
662,272,0.21,-2.93
662,284,373.86,-32.56
663,271,-8.31,-67.0
663,272,-2.73,-11.23
663,284,359.66,-31.14
664,271,-9.78,-81.72
664,272,-3.86,-22.51
664,284,345.47,-29.72
665,271,-11.31,-97.03
665,272,-5.22,-36.1
665,284,329.95,-31.39
666,271,-12.77,-111.59
666,272,-6.66,-50.48
666,284,315.46,-29.94
667,271,-14.18,-125.66
667,272,-8.11,-65.02
667,284,301.16,-28.51
668,271,-15.58,-139.71
668,272,-9.53,-79.15
668,284,286.25,-27.02
669,271,-17.07,-154.62
669,272,-10.89,-92.78
669,284,271.7,-25.56
670,271,-18.52,-169.15
670,272,-12.36,-107.5
670,284,256.85,-24.08
671,271,-19.96,-183.5
671,272,-13.75,-121.45
671,284,242.31,-22.62
672,271,-21.46,-198.51
672,272,-15.11,-134.98
672,284,227.29,-21.12
673,271,-22.98,-213.72
673,272,-16.54,-149.32
673,284,212.31,-19.62
674,271,-24.49,-228.8
674,272,-17.96,-163.52
674,284,197.24,-18.12
675,271,-25.89,-242.84
675,272,-19.38,-177.72
675,284,182.82,-16.67
676,271,-27.4,-257.9
676,272,-20.75,-191.4
676,284,167.59,-15.15
677,271,-28.8,-271.95
677,272,-22.19,-205.8
677,284,152.7,-13.66
678,271,-30.28,-286.74
678,272,-23.56,-219.53
678,284,137.79,-12.17
679,271,-31.72,-301.11
679,272,-24.93,-233.21
679,284,123.49,-10.74
680,271,-33.17,-315.64
680,272,-26.38,-247.71
680,284,108.72,-9.26
681,271,-34.65,-330.41
681,272,-27.8,-261.94
681,284,94.74,-7.86
682,271,-36.06,-344.48
682,272,-29.15,-275.45
682,284,80.62,-6.45
683,271,-37.53,-359.24
683,272,-33.8,-289.77
683,284,66.05,-4.99
684,271,-38.96,-373.58
684,272,-35.23,-304.0
684,284,50.9,-3.48
685,271,-40.48,-388.73
685,272,-36.62,-317.9
685,284,35.93,-1.98
686,271,-41.93,-403.27
686,272,-38.01,-331.8
686,284,24.2,-0.81
687,271,-43.47,-418.58
687,272,-39.36,-345.37
687,284,15.87,0.02
688,271,-44.87,-432.63
688,272,-40.81,-359.83
688,284,12.03,0.41
689,271,-46.31,-447.08
689,272,-42.26,-374.32
689,284,11.75,0.44
690,271,-47.79,-461.82
690,272,-43.66,-388.28
690,284,11.57,0.45
691,271,-49.31,-477.08
691,272,-45.06,-402.29
691,284,11.51,0.46
692,271,-50.82,-492.16
692,272,-46.46,-416.34
692,284,11.51,0.46
693,272,-47.86,-430.31
693,284,11.51,0.46
694,272,-49.33,-445.0
694,284,11.51,0.46
695,272,-50.76,-459.28
695,284,11.51,0.46
696,272,-52.21,-473.82
696,284,11.51,0.46
697,272,-53.68,-488.52
697,284,11.51,0.46
698,284,11.51,0.46
699,284,11.51,0.46
700,284,11.51,0.46
701,284,11.51,0.46
702,284,11.51,0.46
703,284,11.51,0.46
704,284,11.51,0.46
705,284,11.51,0.46
706,284,11.51,0.46
707,284,11.51,0.46
708,284,11.51,0.46
709,284,11.51,0.46
710,284,11.51,0.46
711,284,11.51,0.46
712,284,11.51,0.46
713,284,11.51,0.46
714,284,11.51,0.46
715,284,11.51,0.46
716,284,11.51,0.46
717,284,11.51,0.46
718,284,11.51,0.46
719,284,11.51,0.46
720,284,11.51,0.46
721,284,11.51,0.46
722,284,11.51,0.46
723,284,11.51,0.46
724,284,11.51,0.46
725,284,11.51,0.46
726,284,11.51,0.46
727,284,11.51,0.46
728,284,11.51,0.46
729,284,11.51,0.46
730,284,11.51,0.46
731,284,11.51,0.46
732,284,11.51,0.46
733,284,11.51,0.46
734,284,11.51,0.46
735,284,8.97,0.49
736,284,4.55,0.02
737,284,-0.72,-4.17
738,284,-2.93,-13.17
739,284,-4.09,-24.82
740,284,-5.4,-37.92
741,284,-6.86,-52.51
742,284,-8.37,-67.59
743,284,-9.88,-82.75
744,284,-11.3,-96.9
745,284,-12.7,-110.9
746,284,-14.11,-124.98
747,284,-15.57,-139.55
748,284,-17.05,-154.4
749,284,-18.45,-168.39
750,284,-19.89,-182.79
751,284,-21.36,-197.49
752,284,-22.8,-211.94
753,284,-24.26,-226.5
754,284,-25.7,-240.91
755,284,-27.15,-255.4
756,284,-28.64,-270.35
757,284,-30.11,-284.98
758,284,-31.59,-299.77
759,284,-33.0,-313.96
760,284,-34.51,-329.07
761,284,-36.0,-343.92
762,284,-37.43,-358.24
763,284,-38.85,-372.42
764,284,-40.28,-386.68
765,284,-41.69,-400.88
766,284,-43.19,-415.86
767,284,-44.65,-430.4
768,284,-46.14,-445.38
769,284,-47.56,-459.58
770,284,-48.96,-473.53
771,284,-50.46,-488.53
1221,534,495.41,-44.71
1222,534,493.08,-44.48
1223,534,488.3,-44.0
1224,534,481.1,-43.28
1225,534,472.51,-42.42
1226,534,462.2,-41.39
1227,534,449.38,-40.11
1228,534,435.19,-38.69
1229,534,419.88,-37.16
1230,534,404.75,-35.65
1231,534,389.38,-34.11
1232,534,374.95,-32.67
1233,534,360.58,-31.23
1234,534,345.02,-32.89
1235,534,329.75,-31.37
1236,534,315.13,-29.9
1237,534,300.78,-28.47
1238,534,286.06,-27.0
1239,534,270.86,-25.48
1240,534,255.92,-23.98
1241,534,241.55,-22.55
1242,534,226.91,-21.08
1243,534,212.24,-19.61
1244,534,197.16,-18.11
1245,534,182.62,-16.65
1246,534,167.9,-15.18
1247,534,152.49,-13.64
1248,534,137.04,-12.09
1249,534,122.22,-10.61
1250,534,106.92,-9.08
1251,534,92.09,-7.6
1252,534,77.46,-6.14
1253,534,62.84,-4.67
1254,534,48.4,-3.23
1255,534,37.67,-2.16
1256,534,30.59,-1.45
1257,534,26.68,-1.06
1258,534,26.55,-1.04
1259,534,26.46,-1.04
1260,534,26.44,-1.03
1261,534,26.44,-1.03
1262,534,26.43,-1.03
1263,534,26.43,-1.03
1264,534,26.43,-1.03
1265,534,25.03,-0.89
1266,534,21.15,-0.5
1267,534,16.06,0.01
1268,534,9.76,0.53
1269,534,1.82,-1.26
1270,534,-2.45,-9.46
1271,534,-3.5,-18.85
1272,534,-4.66,-30.45
1273,534,-6.04,-44.34
1274,534,-7.5,-58.9
1275,534,-8.87,-72.59
1276,534,-10.32,-87.09
1277,534,-11.64,-100.32
1278,534,-13.01,-114.03
1279,534,-14.51,-128.97
1280,534,-15.99,-143.8
1281,534,-17.44,-158.29
1282,534,-18.86,-172.46
1283,534,-20.37,-187.65
1284,534,-21.8,-201.93
1285,534,-23.23,-216.18
1286,534,-24.74,-231.29
1287,534,-26.23,-246.26
1288,534,-27.71,-261.06
1289,534,-29.21,-275.98
1290,534,-30.67,-290.65
1291,534,-32.17,-305.61
1292,534,-33.63,-320.19
1293,534,-35.1,-334.92
1294,534,-36.54,-349.31
1295,534,-38.06,-364.54
1296,534,-39.54,-379.37
1297,534,-41.03,-394.23
1298,534,-42.49,-408.8
1299,534,-43.92,-423.09
1300,534,-45.34,-437.33
1301,534,-46.88,-452.75
1302,534,-48.35,-467.39
1303,534,-49.86,-482.57
1304,534,-51.32,-497.09
1617,707,495.41,-44.71
1618,707,493.98,-44.57
1619,707,490.62,-44.23
1620,707,485.31,-43.7
1621,707,478.65,-43.04
1622,707,469.64,-42.14
1623,707,459.23,-41.09
1624,707,447.73,-39.95
1625,707,435.34,-38.71
1626,707,423.56,-37.53
1627,707,412.06,-36.38
1628,707,399.75,-35.15
1629,707,387.99,-33.97
1630,707,375.76,-32.75
1631,707,364.2,-31.59
1632,707,352.19,-30.39
1633,707,340.3,-29.2
1634,707,328.86,-28.06
1635,707,316.47,-26.82
1636,707,303.83,-25.56
1637,707,290.99,-27.49
1638,707,278.32,-26.22
1639,707,265.83,-24.97
1640,707,254.44,-23.84
1641,707,242.54,-22.65
1642,707,230.5,-21.44
1643,707,217.99,-20.19
1644,707,205.34,-18.93
1644,719,495.41,-44.71
1645,707,193.53,-17.74
1645,719,493.92,-44.56
1646,707,181.0,-16.49
1646,719,490.64,-44.24
1647,707,168.43,-15.23
1647,719,485.1,-43.68
1648,707,156.43,-14.03
1648,719,477.25,-42.9
1649,707,144.7,-12.86
1649,719,467.05,-41.88
1650,707,132.03,-11.59
1650,719,454.53,-40.63
1651,707,119.81,-10.37
1651,719,440.85,-39.26
1652,707,107.93,-9.18
1652,719,427.84,-37.96
1653,707,96.31,-8.02
1653,719,414.83,-36.66
1654,707,83.9,-6.78
1654,719,401.95,-35.37
1655,707,72.33,-5.62
1655,719,389.29,-34.1
1656,707,60.17,-4.41
1656,719,376.03,-32.78
1657,707,48.06,-3.2
1657,719,363.54,-31.53
1658,707,36.18,-2.01
1658,719,351.0,-30.27
1659,707,24.34,-0.82
1659,719,337.82,-28.96
1660,707,15.91,0.02
1660,719,324.65,-27.64
1661,707,11.96,0.41
1661,719,311.38,-26.31
1662,707,11.52,0.46
1662,719,298.15,-28.21
1663,707,11.51,0.46
1663,719,284.48,-26.84
1664,707,11.51,0.46
1664,719,271.8,-25.57
1665,707,11.51,0.46
1665,719,259.2,-24.31
1666,707,11.51,0.46
1666,719,246.13,-23.0
1667,707,11.51,0.46
1667,719,232.92,-21.68
1668,707,11.51,0.46
1668,719,219.34,-20.33
1669,707,11.51,0.46
1669,719,205.64,-18.96
1670,707,11.51,0.46
1670,719,193.03,-17.69
1671,707,11.51,0.46
1671,719,180.48,-16.44
1672,707,11.51,0.46
1672,719,166.89,-15.08
1673,707,11.51,0.46
1673,719,154.15,-13.81
1674,707,11.51,0.46
1674,719,141.16,-12.51
1675,707,11.51,0.46
1675,719,128.28,-11.22
1676,707,11.51,0.46
1676,719,115.61,-9.95
1677,707,11.51,0.46
1677,719,102.57,-8.65
1678,707,11.51,0.46
1678,719,89.66,-7.36
1679,707,11.51,0.46
1679,719,75.97,-5.99
1680,707,11.51,0.46
1680,719,62.69,-4.66
1681,707,11.51,0.46
1681,719,49.0,-3.29
1682,707,11.51,0.46
1682,719,36.36,-2.02
1683,707,11.51,0.46
1683,719,26.09,-1.0
1684,707,11.51,0.46
1684,719,20.31,-0.42
1685,707,11.51,0.46
1685,719,19.0,-0.29
1686,707,11.51,0.46
1686,719,18.98,-0.29
1687,707,11.51,0.46
1687,719,18.97,-0.29
1688,707,11.51,0.46
1688,719,18.97,-0.29
1689,707,11.51,0.46
1689,719,18.97,-0.29
1690,707,11.51,0.46
1690,719,18.97,-0.29
1691,707,11.51,0.46
1691,719,18.97,-0.29
1692,707,11.51,0.46
1692,719,18.97,-0.29
1693,707,11.51,0.46
1693,719,18.97,-0.29
1694,707,11.51,0.46
1694,719,18.97,-0.29
1695,707,11.51,0.46
1695,719,18.97,-0.29
1696,707,11.51,0.46
1696,719,18.97,-0.29
1697,707,11.51,0.46
1697,719,18.97,-0.29
1698,707,11.51,0.46
1698,719,18.97,-0.29
1699,707,11.51,0.46
1699,719,18.97,-0.29
1700,707,11.51,0.46
1700,719,18.97,-0.29
1701,707,11.51,0.46
1701,719,18.97,-0.29
1701,744,495.41,-44.71
1702,707,11.51,0.46
1702,719,18.97,-0.29
1702,744,493.42,-44.51
1703,707,9.55,0.52
1703,719,18.97,-0.29
1703,744,490.13,-44.19
1704,707,5.06,0.26
1704,719,17.36,-0.12
1704,744,484.51,-43.62
1705,707,-0.0,-3.22
1705,719,13.56,0.25
1705,744,476.85,-42.86
1706,707,-2.71,-10.95
1706,719,7.22,0.42
1706,744,467.8,-41.95
1707,707,-3.78,-21.68
1707,719,0.31,-2.8
1707,744,456.71,-40.84
1708,707,-4.93,-33.21
1708,719,-2.7,-10.91
1708,744,443.37,-39.51
1709,707,-6.19,-45.79
1709,719,-3.79,-21.78
1709,744,428.57,-38.03
1710,707,-7.36,-57.46
1710,719,-5.02,-34.11
1710,744,413.36,-36.51
1711,707,-8.57,-69.64
1711,719,-6.27,-46.6
1711,744,399.04,-35.08
1712,707,-9.82,-82.09
1712,719,-7.48,-58.74
1712,744,383.56,-33.53
1713,707,-11.06,-94.47
1713,719,-8.81,-71.98
1713,744,368.43,-32.02
1714,707,-12.29,-106.83
1714,719,-10.06,-84.51
1714,744,353.03,-33.7
1715,707,-13.53,-119.21
1715,719,-11.35,-97.41
1715,744,337.66,-32.16
1716,707,-14.68,-130.66
1716,719,-12.63,-110.2
1716,744,323.13,-30.71
1717,707,-15.87,-142.62
1717,719,-13.75,-121.37
1717,744,308.5,-29.24
1718,707,-17.13,-155.19
1718,719,-14.88,-132.73
1718,744,293.44,-27.74
1719,707,-18.33,-167.23
1719,719,-16.16,-145.54
1719,744,278.63,-26.25
1720,707,-19.55,-179.45
1720,719,-17.37,-157.61
1720,744,263.36,-24.73
1721,707,-20.74,-191.35
1721,719,-18.6,-169.94
1721,744,248.76,-23.27
1722,707,-21.93,-203.19
1722,719,-19.78,-181.75
1722,744,234.12,-21.8
1723,707,-23.16,-215.56
1723,719,-20.95,-193.37
1723,744,218.81,-20.27
1724,707,-24.41,-228.01
1724,719,-22.13,-205.25
1724,744,204.1,-18.8
1725,707,-25.56,-239.52
1725,719,-23.36,-217.54
1725,744,189.42,-17.33
1726,707,-26.73,-251.24
1726,719,-24.56,-229.51
1726,744,174.08,-15.8
1727,707,-27.91,-262.99
1727,719,-25.76,-241.48
1727,744,159.57,-14.35
1728,707,-29.1,-274.93
1728,719,-30.16,-253.33
1728,744,144.9,-12.88
1729,707,-30.28,-286.7
1729,719,-31.41,-265.88
1729,744,130.32,-11.42
1730,707,-31.55,-299.37
1730,719,-32.76,-279.34
1730,744,115.54,-9.94
1731,707,-32.77,-311.65
1731,719,-34.09,-292.6
1731,744,100.46,-8.44
1732,707,-33.97,-323.61
1732,719,-35.34,-305.14
1732,744,85.83,-6.97
1733,707,-35.18,-335.77
1733,719,-36.61,-317.86
1733,744,70.62,-5.45
1734,707,-36.38,-347.75
1734,719,-37.93,-331.06
1734,744,55.97,-3.99
1735,707,-37.62,-360.16
1735,719,-39.28,-344.49
1735,744,41.31,-2.52
1736,707,-38.84,-372.32
1736,719,-40.59,-357.61
1736,744,28.07,-1.2
1737,707,-40.05,-384.4
1737,719,-41.86,-370.38
1737,744,19.18,-0.31
1738,707,-41.22,-396.09
1738,719,-43.23,-384.03
1738,744,13.16,0.29
1739,707,-42.42,-408.13
1739,719,-44.54,-397.13
1739,744,11.63,0.45
1740,707,-43.57,-419.63
1740,719,-45.83,-410.05
1740,744,11.53,0.46
1741,707,-44.71,-431.08
1741,719,-47.12,-422.92
1741,744,11.51,0.46
1742,707,-45.96,-443.58
1742,719,-48.48,-436.49
1742,744,11.51,0.46
1743,707,-47.18,-455.71
1743,719,-49.74,-449.15
1743,744,11.51,0.46
1744,707,-48.33,-467.21
1744,719,-51.02,-461.96
1744,744,11.51,0.46
1745,707,-49.52,-479.14
1745,719,-52.35,-475.22
1745,744,11.51,0.46
1746,707,-50.7,-490.98
1746,719,-53.71,-488.84
1746,744,11.51,0.46
1747,744,11.51,0.46
1748,744,11.51,0.46
1749,744,11.51,0.46
1750,744,11.51,0.46
1751,744,11.51,0.46
1752,744,11.51,0.46
1753,744,11.51,0.46
1754,744,11.51,0.46
1755,744,11.51,0.46
1756,744,11.51,0.46
1757,744,11.51,0.46
1758,744,11.51,0.46
1759,744,11.51,0.46
1760,744,11.51,0.46
1761,744,11.51,0.46
1762,744,11.51,0.46
1763,744,11.51,0.46
1764,744,11.51,0.46
1765,744,11.51,0.46
1766,744,11.51,0.46
1767,744,11.51,0.46
1768,744,11.51,0.46
1769,744,11.51,0.46
1770,744,11.51,0.46
1771,744,11.51,0.46
1772,744,11.51,0.46
1773,744,11.51,0.46
1774,744,11.51,0.46
1775,744,11.51,0.46
1776,744,11.51,0.46
1777,744,11.51,0.46
1778,744,11.51,0.46
1779,744,11.51,0.46
1780,744,11.51,0.46
1781,744,11.51,0.46
1782,744,11.51,0.46
1783,744,11.51,0.46
1784,744,11.51,0.46
1785,744,11.51,0.46
1786,744,11.51,0.46
1787,744,11.51,0.46
1788,744,11.51,0.46
1789,744,11.51,0.46
1790,744,11.51,0.46
1791,744,9.15,0.5
1792,744,5.18,0.32
1793,744,-0.01,-3.22
1794,744,-2.67,-10.57
1795,744,-3.59,-19.79
1796,744,-4.71,-31.02
1797,744,-6.08,-44.7
1798,744,-7.58,-59.72
1799,744,-9.06,-74.47
1800,744,-10.53,-89.18
1801,744,-11.99,-103.76
1802,744,-13.43,-118.24
1803,744,-14.95,-133.35
1804,744,-16.48,-148.7
1805,744,-17.93,-163.17
1806,744,-19.38,-177.66
1807,744,-20.84,-192.32
1808,744,-22.35,-207.44
1809,744,-23.79,-221.8
1810,744,-25.23,-236.19
1811,744,-26.71,-251.0
1812,744,-28.18,-265.67
1813,744,-29.7,-280.87
1813,793,495.41,-44.71
1814,744,-31.23,-296.2
1814,793,493.07,-44.48
1815,744,-32.7,-310.88
1815,793,489.08,-44.08
1816,744,-34.12,-325.09
1816,793,482.81,-43.45
1817,744,-35.56,-339.5
1817,793,474.52,-42.62
1818,744,-37.03,-354.25
1818,793,464.43,-41.62
1819,744,-38.5,-368.95
1819,793,452.52,-40.42
1820,744,-40.05,-384.4
1820,793,439.64,-39.14
1821,744,-41.55,-399.45
1821,793,427.08,-37.88
1822,744,-43.06,-414.51
1822,793,414.7,-36.64
1823,744,-44.55,-429.4
1823,793,402.25,-35.4
1824,744,-46.02,-444.12
1824,793,389.02,-34.08
1825,744,-47.56,-459.5
1825,793,376.18,-32.79
1826,744,-49.05,-474.47
1826,793,363.56,-31.53
1827,744,-50.49,-488.82
1827,793,351.33,-30.31
1828,793,339.18,-29.09
1829,793,326.46,-27.82
1830,793,313.65,-26.54
1831,793,301.29,-25.3
1832,793,288.18,-27.21
1833,793,275.36,-25.93
1834,793,262.37,-24.63
1835,793,249.21,-23.31
1836,793,236.63,-22.05
1837,793,224.08,-20.8
1838,793,211.61,-19.55
1839,793,199.42,-18.33
1840,793,186.33,-17.02
1841,793,174.04,-15.79
1842,793,161.61,-14.55
1843,793,148.78,-13.27
1844,793,136.62,-12.05
1845,793,123.8,-10.77
1846,793,111.04,-9.49
1847,793,98.26,-8.22
1848,793,86.07,-7.0
1849,793,73.64,-5.75
1850,793,61.05,-4.49
1851,793,47.96,-3.19
1852,793,35.78,-1.97
1853,793,26.21,-1.01
1854,793,20.85,-0.47
1855,793,19.19,-0.31
1856,793,19.04,-0.29
1857,793,19.0,-0.29
1858,793,18.98,-0.29
1859,793,18.97,-0.29
1859,813,495.41,-44.71
1860,793,18.97,-0.29
1860,813,493.37,-44.51
1861,793,18.97,-0.29
1861,813,488.99,-44.07
1862,793,18.97,-0.29
1862,813,482.67,-43.44
1863,793,18.97,-0.29
1863,813,474.12,-42.58
1864,793,18.97,-0.29
1864,813,463.76,-41.55
1865,793,18.97,-0.29
1865,813,451.17,-40.29
1866,793,18.97,-0.29
1866,813,437.22,-38.89
1867,793,18.97,-0.29
1867,813,422.31,-37.4
1868,793,18.97,-0.29
1868,813,408.1,-35.98
1869,793,18.97,-0.29
1869,813,393.67,-34.54
1870,793,18.97,-0.29
1870,813,379.34,-33.11
1871,793,18.97,-0.29
1871,813,364.15,-31.59
1872,793,18.97,-0.29
1872,813,348.62,-33.25
1873,793,18.97,-0.29
1873,813,333.25,-31.72
1874,793,18.97,-0.29
1874,813,318.47,-30.24
1875,793,18.97,-0.29
1875,813,304.0,-28.79
1876,793,18.97,-0.29
1876,813,289.1,-27.3
1877,793,18.97,-0.29
1877,813,274.44,-25.84
1878,793,18.97,-0.29
1878,813,259.05,-24.3
1879,793,18.97,-0.29
1879,813,243.76,-22.77
1880,793,18.05,-0.19
1880,813,229.35,-21.33
1881,793,14.72,0.14
1881,813,214.29,-19.82
1882,793,9.38,0.51
1882,813,199.55,-18.35
1883,793,2.09,-1.14
1883,813,185.31,-16.92
1884,793,-1.78,-6.73
1884,813,169.89,-15.38
1885,793,-3.07,-14.62
1885,813,154.75,-13.87
1886,793,-4.05,-24.42
1886,813,140.07,-12.4
1887,793,-5.17,-35.63
1887,813,125.71,-10.96
1888,793,-6.42,-48.06
1888,813,111.09,-9.5
1889,793,-7.57,-59.61
1889,813,96.15,-8.0
1890,793,-8.67,-70.57
1890,813,81.02,-6.49
1891,793,-9.9,-82.91
1891,813,65.71,-4.96
1892,793,-11.1,-94.92
1892,813,50.33,-3.42
1893,793,-12.22,-106.09
1893,813,35.74,-1.96
1894,793,-13.55,-119.39
1894,813,23.93,-0.78
1895,793,-14.84,-132.29
1895,813,16.22,-0.01
1896,793,-16.17,-145.55
1896,813,11.93,0.42
1897,793,-17.4,-157.88
1897,813,11.59,0.45
1898,793,-18.65,-170.38
1898,813,11.52,0.46
1899,793,-19.92,-183.07
1899,813,11.51,0.46
1900,793,-21.14,-195.32
1900,813,11.51,0.46
1900,831,495.41,-44.71
1901,793,-22.42,-208.13
1901,813,11.51,0.46
1901,831,493.21,-44.49
1902,793,-23.64,-220.33
1902,813,11.51,0.46
1902,831,489.57,-44.13
1903,793,-24.86,-232.48
1903,813,11.51,0.46
1903,831,484.52,-43.62
1904,793,-26.07,-244.65
1904,813,11.51,0.46
1904,831,478.05,-42.98
1905,793,-27.36,-257.5
1905,813,11.51,0.46
1905,831,469.46,-42.12
1906,793,-28.63,-270.25
1906,813,11.51,0.46
1906,831,458.98,-41.07
1907,793,-29.88,-282.67
1907,813,11.51,0.46
1907,831,447.08,-39.88
1908,793,-31.16,-295.56
1908,813,11.51,0.46
1908,831,432.7,-38.44
1909,793,-32.46,-308.53
1909,813,11.51,0.46
1909,831,418.26,-37.0
1910,793,-33.78,-321.7
1910,813,11.51,0.46
1910,831,404.35,-35.61
1911,793,-35.06,-334.54
1911,813,11.51,0.46
1911,831,390.92,-34.27
1912,793,-36.29,-346.82
1912,813,11.51,0.46
1912,831,377.01,-32.87
1913,793,-37.51,-359.05
1913,813,11.51,0.46
1913,831,362.3,-34.62
1914,793,-38.8,-371.95
1914,813,11.51,0.46
1914,831,348.93,-33.29
1915,793,-40.05,-384.43
1915,813,11.51,0.46
1915,831,334.47,-31.84
1916,793,-44.48,-396.55
1916,813,11.51,0.46
1916,831,320.26,-30.42
1917,793,-45.78,-409.57
1917,813,11.51,0.46
1917,831,305.83,-28.97
1918,793,-47.06,-422.35
1918,813,11.51,0.46
1918,831,291.71,-27.56
1919,793,-48.36,-435.36
1919,813,11.51,0.46
1919,831,277.65,-26.16
1920,793,-49.62,-447.94
1920,813,11.51,0.46
1920,831,263.14,-24.71
1921,793,-50.91,-460.85
1921,813,11.51,0.46
1921,831,249.01,-23.29
1922,793,-52.21,-473.78
1922,813,11.51,0.46
1922,831,235.16,-21.91
1923,793,-53.54,-487.11
1923,813,11.51,0.46
1923,831,220.74,-20.46
1924,813,11.51,0.46
1924,831,206.28,-19.02
1925,813,11.51,0.46
1925,831,191.88,-17.58
1926,813,11.51,0.46
1926,831,177.36,-16.13
1927,813,11.51,0.46
1927,831,163.16,-14.71
1928,813,11.51,0.46
1928,831,148.78,-13.27
1929,813,11.51,0.46
1929,831,134.66,-11.86
1930,813,11.51,0.46
1930,831,120.22,-10.41
1931,813,11.51,0.46
1931,831,106.41,-9.03
1932,813,11.51,0.46
1932,831,92.17,-7.61
1933,813,11.51,0.46
1933,831,77.65,-6.15
1934,813,11.51,0.46
1934,831,64.21,-4.81
1935,813,11.51,0.46
1935,831,53.48,-3.74
1936,813,11.51,0.46
1936,831,45.6,-2.95
1937,813,11.51,0.46
1937,831,42.2,-2.61
1938,813,11.51,0.46
1938,831,41.47,-2.54
1939,813,11.51,0.46
1939,831,41.37,-2.53
1940,813,11.51,0.46
1940,831,41.36,-2.53
1941,813,11.51,0.46
1941,831,41.36,-2.53
1942,813,11.51,0.46
1942,831,41.36,-2.53
1943,813,11.51,0.46
1943,831,41.36,-2.53
1944,813,11.51,0.46
1944,831,41.36,-2.53
1945,813,11.51,0.46
1945,831,41.36,-2.53
1946,813,11.51,0.46
1946,831,41.36,-2.53
1947,813,11.51,0.46
1947,831,41.36,-2.53
1948,813,11.51,0.46
1948,831,41.36,-2.53
1949,813,11.51,0.46
1949,831,41.36,-2.53
1950,813,11.51,0.46
1950,831,41.36,-2.53
1951,813,11.51,0.46
1951,831,41.36,-2.53
1952,813,11.51,0.46
1952,831,41.36,-2.53
1953,813,11.51,0.46
1953,831,41.36,-2.53
1954,813,11.51,0.46
1954,831,41.36,-2.53
1955,813,11.51,0.46
1955,831,41.36,-2.53
1956,813,11.51,0.46
1956,831,41.36,-2.53
1957,813,11.51,0.46
1957,831,41.36,-2.53
1958,813,11.51,0.46
1958,831,41.36,-2.53
1959,813,11.51,0.46
1959,831,41.36,-2.53
1960,813,11.51,0.46
1960,831,41.36,-2.53
1961,813,11.51,0.46
1961,831,41.36,-2.53
1962,813,11.51,0.46
1962,831,41.36,-2.53
1963,813,11.51,0.46
1963,831,41.36,-2.53
1964,813,11.51,0.46
1964,831,41.36,-2.53
1965,813,11.51,0.46
1965,831,41.36,-2.53
1966,813,11.51,0.46
1966,831,41.36,-2.53
1967,813,9.26,0.51
1967,831,41.36,-2.53
1968,813,5.7,0.35
1968,831,41.36,-2.53
1969,813,1.06,-1.78
1969,831,41.36,-2.53
1970,813,-2.13,-8.16
1970,831,41.36,-2.53
1971,813,-3.32,-17.13
1971,831,40.82,-2.47
1972,813,-4.37,-27.63
1972,831,38.13,-2.2
1973,813,-5.61,-40.0
1973,831,34.92,-1.88
1974,813,-6.98,-53.72
1974,831,29.16,-1.3
1975,813,-8.52,-69.06
1975,831,21.23,-0.51
1976,813,-9.94,-83.25
1976,831,13.58,0.25
1977,813,-11.44,-98.29
1977,831,5.41,0.34
1978,813,-12.86,-112.5
1978,831,-1.36,-5.04
1979,813,-14.35,-127.38
1979,831,-3.05,-14.4
1980,813,-15.83,-142.16
1980,831,-4.25,-26.34
1981,813,-17.3,-156.95
1981,831,-5.48,-38.7
1982,813,-18.82,-172.15
1982,831,-6.7,-50.89
1983,813,-20.25,-186.45
1983,831,-7.87,-62.59
1984,813,-21.72,-201.14
1984,831,-9.11,-74.99
1985,813,-23.23,-216.17
1985,831,-10.27,-86.62
1986,813,-24.74,-231.27
1986,831,-11.38,-97.65
1987,813,-26.24,-246.29
1987,831,-12.6,-109.9
1988,813,-27.71,-261.01
1988,831,-13.94,-123.32
1989,813,-32.33,-275.03
1989,831,-15.38,-137.75
1990,813,-33.82,-289.92
1990,831,-16.79,-151.85
1991,813,-35.27,-304.41
1991,831,-18.19,-165.77
1992,813,-36.76,-319.38
1992,831,-19.6,-179.87
1993,813,-38.21,-333.8
1993,831,-21.04,-194.31
1994,813,-39.68,-348.5
1994,831,-22.41,-208.03
1995,813,-41.13,-363.05
1995,831,-23.77,-221.63
1996,813,-42.58,-377.49
1996,831,-25.23,-236.19
1997,813,-44.07,-392.45
1997,831,-26.62,-250.11
1998,813,-45.53,-407.05
1998,831,-27.98,-263.69
1999,813,-47.0,-421.7
1999,831,-29.35,-277.42
2000,813,-48.41,-435.86
2000,831,-30.76,-291.54
2001,813,-49.93,-451.01
2001,831,-32.1,-304.87
2002,813,-51.39,-465.63
2002,831,-33.5,-318.89
2003,813,-52.82,-479.9
2003,831,-34.83,-332.25
2004,813,-54.25,-494.23
2004,831,-36.22,-346.17
2005,831,-37.55,-359.47
2006,831,-38.95,-373.38
2007,831,-40.34,-387.31
2008,831,-41.74,-401.32
2009,831,-43.19,-415.84
2010,831,-44.57,-429.59
2011,831,-45.99,-443.86
2012,831,-50.56,-457.28
2013,831,-51.97,-471.42
2014,831,-53.31,-484.83
2015,831,-54.67,-498.41
2419,1058,495.41,-44.71
2420,1058,493.23,-44.5
2421,1058,489.22,-44.09
2422,1058,483.12,-43.48
2423,1058,475.28,-42.7
2424,1058,465.0,-41.67
2425,1058,453.25,-40.5
2426,1058,439.59,-39.13
2427,1058,424.59,-37.63
2428,1058,409.47,-36.12
2429,1058,394.78,-34.65
2430,1058,379.12,-33.09
2431,1058,364.03,-31.58
2432,1058,349.1,-30.08
2433,1058,333.25,-31.72
2434,1058,318.69,-30.26
2435,1058,303.41,-28.73
2436,1058,288.88,-27.28
2437,1058,274.33,-25.82
2438,1058,258.56,-24.25
2439,1058,243.74,-22.77
2440,1058,229.18,-21.31
2441,1058,213.47,-19.74
2442,1058,197.83,-18.17
2443,1058,182.64,-16.66
2444,1058,167.81,-15.17
2445,1058,152.25,-13.62
2446,1058,136.62,-12.05
2447,1058,122.0,-10.59
2448,1058,106.21,-9.01
2449,1058,90.44,-7.43
2450,1058,74.64,-5.85
2451,1058,59.26,-4.32
2452,1058,43.67,-2.76
2453,1058,29.31,-1.32
2454,1058,19.42,-0.33
2455,1058,13.46,0.27
2456,1058,11.97,0.41
2457,1058,11.54,0.46
2458,1058,11.51,0.46
2459,1058,11.51,0.46
2460,1058,11.51,0.46
2461,1058,11.51,0.46
2462,1058,11.51,0.46
2463,1058,11.51,0.46
2464,1058,11.51,0.46
2465,1058,11.51,0.46
2466,1058,11.51,0.46
2467,1058,11.51,0.46
2468,1058,11.51,0.46
2469,1058,11.51,0.46
2470,1058,11.51,0.46
2471,1058,11.51,0.46
2472,1058,11.51,0.46
2473,1058,11.51,0.46
2474,1058,11.51,0.46
2475,1058,11.51,0.46
2476,1058,11.51,0.46
2477,1058,11.51,0.46
2478,1058,11.51,0.46
2479,1058,11.51,0.46
2480,1058,11.51,0.46
2481,1058,11.51,0.46
2482,1058,11.51,0.46
2483,1058,11.51,0.46
2484,1058,11.51,0.46
2485,1058,11.51,0.46
2486,1058,11.51,0.46
2487,1058,11.51,0.46
2488,1058,11.51,0.46
2489,1058,11.51,0.46
2490,1058,11.51,0.46
2491,1058,11.51,0.46
2492,1058,11.51,0.46
2493,1058,11.51,0.46
2494,1058,11.51,0.46
2495,1058,9.86,0.53
2496,1058,6.21,0.37
2497,1058,0.98,-1.9
2498,1058,-2.44,-9.41
2499,1058,-3.48,-18.68
2500,1058,-4.59,-29.81
2501,1058,-5.86,-42.45
2502,1058,-7.26,-56.5
2503,1058,-8.76,-71.5
2504,1058,-10.3,-86.87
2505,1058,-11.76,-101.49
2506,1058,-13.26,-116.49
2507,1058,-14.83,-132.18
2508,1058,-16.4,-147.93
2509,1058,-17.88,-162.75
2510,1058,-19.45,-178.38
2511,1058,-20.99,-193.85
2512,1058,-22.46,-208.5
2513,1058,-23.98,-223.75
2514,1058,-25.55,-239.42
2515,1058,-27.04,-254.31
2516,1058,-28.55,-269.37
2517,1058,-30.07,-284.58
2518,1058,-31.58,-299.68
2519,1058,-36.24,-314.12
2520,1058,-37.76,-329.31
2521,1058,-39.28,-344.49
2522,1058,-40.84,-360.18
2523,1058,-42.32,-374.96
2524,1058,-43.84,-390.13
2525,1058,-45.3,-404.76
2526,1058,-46.84,-420.12
2527,1058,-48.34,-435.14
2528,1058,-49.81,-449.86
2529,1058,-51.31,-464.84
2530,1058,-52.87,-480.38
2531,1058,-54.44,-496.12
2895,1266,495.41,-44.71
2896,1266,493.62,-44.53
2897,1266,489.49,-44.12
2898,1266,483.97,-43.57
2899,1266,476.1,-42.78
2900,1266,466.67,-41.84
2901,1266,455.61,-40.73
2902,1266,442.78,-39.45
2903,1266,430.53,-38.23
2904,1266,417.75,-36.95
2905,1266,404.77,-35.65
2906,1266,392.45,-34.42
2907,1266,379.77,-33.15
2908,1266,367.5,-31.92
2909,1266,354.6,-30.63
2910,1266,341.77,-29.35
2911,1266,329.28,-28.1
2912,1266,316.59,-26.83
2913,1266,304.68,-25.64
2914,1266,292.17,-27.61
2915,1266,279.73,-26.36
2916,1266,267.69,-25.16
2917,1266,255.4,-23.93
2918,1266,242.4,-22.63
2919,1266,230.45,-21.44
2920,1266,218.34,-20.23
2921,1266,206.52,-19.04
2922,1266,193.57,-17.75
2923,1266,180.65,-16.46
2924,1266,168.03,-15.19
2925,1266,155.05,-13.9
2926,1266,142.68,-12.66
2927,1266,130.23,-11.41
2928,1266,117.85,-10.18
2929,1266,105.55,-8.95
2930,1266,92.72,-7.66
2931,1266,80.69,-6.46
2932,1266,68.55,-5.24
2933,1266,56.16,-4.01
2934,1266,43.62,-2.75
2935,1266,33.95,-1.78
2936,1266,28.11,-1.2
2937,1266,25.64,-0.95
2938,1266,21.88,-0.58
2939,1266,17.24,-0.11
2940,1266,10.18,0.55
2941,1266,2.46,-0.96
2942,1266,-1.84,-6.99
2943,1266,-3.07,-14.57
2944,1266,-4.03,-24.22
2945,1266,-5.18,-35.68
2946,1266,-6.42,-48.08
2947,1266,-7.6,-59.94
2948,1266,-8.91,-72.99
2949,1266,-10.2,-85.92
2950,1266,-11.43,-98.19
2951,1266,-12.67,-110.61
2952,1266,-13.88,-122.69
2953,1266,-15.19,-135.79
2954,1266,-16.4,-147.94
2955,1266,-17.65,-160.42
2956,1266,-18.9,-172.96
2957,1266,-23.32,-184.92
2958,1266,-24.6,-197.72
2959,1266,-25.78,-209.57
2960,1266,-27.04,-222.14
2961,1266,-28.26,-234.31
2962,1266,-29.48,-246.5
2963,1266,-30.67,-258.47
2964,1266,-31.95,-271.2
2965,1266,-33.16,-283.33
2966,1266,-34.44,-296.18
2967,1266,-35.66,-308.39
2968,1266,-36.96,-321.34
2969,1266,-38.25,-334.28
2970,1266,-39.51,-346.81
2971,1266,-40.73,-359.01
2972,1266,-41.97,-371.44
2973,1266,-43.2,-383.71
2974,1266,-44.42,-395.89
2975,1266,-45.6,-407.77
2976,1266,-46.87,-420.48
2977,1266,-48.11,-432.78
2978,1266,-49.38,-445.57
2979,1266,-50.69,-458.66
2980,1266,-51.99,-471.61
2981,1266,-53.28,-484.5
2982,1266,-54.53,-497.02
3016,1319,495.41,-44.71
3017,1319,493.59,-44.53
3018,1319,490.25,-44.2
3019,1319,484.68,-43.64
3020,1319,477.32,-42.9
3021,1319,468.42,-42.01
3022,1319,457.89,-40.96
3023,1319,447.36,-39.91
3024,1319,436.5,-38.82
3025,1319,426.02,-37.77
3026,1319,415.39,-36.71
3026,1323,495.41,-44.71
3027,1319,404.88,-35.66
3027,1323,493.3,-44.5
3028,1319,394.26,-34.6
3028,1323,488.93,-44.07
3029,1319,383.65,-33.54
3029,1323,482.67,-43.44
3030,1319,372.06,-32.38
3030,1323,474.17,-42.59
3031,1319,360.53,-31.23
3031,1323,463.85,-41.56
3032,1319,349.8,-30.15
3032,1323,452.15,-40.39
3033,1319,338.4,-29.01
3033,1323,439.24,-39.1
3034,1319,326.9,-27.86
3034,1323,427.1,-37.88
3035,1319,315.43,-26.72
3035,1323,414.4,-36.61
3036,1319,304.08,-25.58
3036,1323,402.02,-35.38
3037,1319,292.69,-24.44
3037,1323,389.65,-34.14
3038,1319,280.71,-26.46
3038,1323,376.61,-32.83
3039,1319,269.79,-25.37
3039,1323,363.5,-31.52
3040,1319,258.34,-24.23
3040,1323,350.74,-30.25
3041,1319,247.42,-23.13
3041,1323,338.38,-29.01
3042,1319,236.48,-22.04
3042,1323,325.62,-27.74
3043,1319,225.99,-20.99
3043,1323,313.39,-26.51
3044,1319,214.73,-19.86
3044,1323,300.54,-28.45
3045,1319,203.5,-18.74
3045,1323,287.8,-27.17
3046,1319,192.63,-17.65
3046,1323,275.24,-25.92
3047,1319,180.9,-16.48
3047,1323,262.14,-24.61
3048,1319,169.41,-15.33
3048,1323,249.78,-23.37
3049,1319,158.92,-14.28
3049,1323,237.03,-22.09
3050,1319,148.17,-13.21
3050,1323,224.06,-20.8
3051,1319,136.91,-12.08
3051,1323,211.11,-19.5
3052,1319,125.23,-10.91
3052,1323,199.04,-18.3
3053,1319,114.29,-9.82
3053,1323,186.94,-17.08
3054,1319,103.7,-8.76
3054,1323,174.79,-15.87
3055,1319,92.51,-7.64
3055,1323,162.61,-14.65
3056,1319,81.78,-6.57
3056,1323,150.69,-13.46
3057,1319,70.83,-5.47
3057,1323,138.57,-12.25
3058,1319,59.71,-4.36
3058,1323,126.63,-11.05
3059,1319,49.0,-3.29
3059,1323,113.88,-9.78
3060,1319,37.66,-2.16
3060,1323,101.55,-8.54
3061,1319,26.49,-1.04
3061,1323,88.47,-7.24
3062,1319,17.37,-0.13
3062,1323,75.94,-5.98
3063,1319,12.72,0.34
3063,1323,63.65,-4.75
3064,1319,11.78,0.43
3064,1323,51.16,-3.51
3065,1319,11.56,0.46
3065,1323,38.37,-2.23
3066,1319,11.52,0.46
3066,1323,27.67,-1.16
3067,1319,11.51,0.46
3067,1323,21.44,-0.53
3068,1319,11.51,0.46
3068,1323,19.7,-0.36
3069,1319,11.51,0.46
3069,1323,19.04,-0.29
3070,1319,11.51,0.46
3070,1323,18.97,-0.29
3071,1319,11.51,0.46
3071,1323,18.97,-0.29
3072,1319,11.51,0.46
3072,1323,18.97,-0.29
3073,1319,11.51,0.46
3073,1323,18.97,-0.29
3074,1319,11.51,0.46
3074,1323,18.97,-0.29
3075,1319,11.51,0.46
3075,1323,18.97,-0.29
3076,1319,11.51,0.46
3076,1323,18.97,-0.29
3077,1319,11.51,0.46
3077,1323,18.97,-0.29
3078,1319,11.51,0.46
3078,1323,18.97,-0.29
3079,1319,11.51,0.46
3079,1323,18.97,-0.29
3080,1319,11.51,0.46
3080,1323,18.97,-0.29
3081,1319,11.51,0.46
3081,1323,18.97,-0.29
3082,1319,11.51,0.46
3082,1323,18.97,-0.29
3083,1319,11.51,0.46
3083,1323,18.97,-0.29
3084,1319,11.51,0.46
3084,1323,18.97,-0.29
3085,1319,11.51,0.46
3085,1323,18.97,-0.29
3086,1319,11.51,0.46
3086,1323,18.97,-0.29
3087,1319,11.51,0.46
3087,1323,18.97,-0.29
3088,1319,11.51,0.46
3088,1323,18.97,-0.29
3089,1319,11.51,0.46
3089,1323,18.97,-0.29
3090,1319,11.51,0.46
3090,1323,18.97,-0.29
3091,1319,11.51,0.46
3091,1323,18.97,-0.29
3092,1319,11.51,0.46
3092,1323,18.97,-0.29
3093,1319,11.51,0.46
3093,1323,18.97,-0.29
3094,1319,11.51,0.46
3094,1323,18.97,-0.29
3095,1319,11.51,0.46
3095,1323,18.97,-0.29
3096,1319,11.51,0.46
3096,1323,18.97,-0.29
3097,1319,11.51,0.46
3097,1323,18.97,-0.29
3098,1319,11.51,0.46
3098,1323,18.97,-0.29
3099,1319,11.51,0.46
3099,1323,18.97,-0.29
3100,1319,11.51,0.46
3100,1323,18.97,-0.29
3101,1319,11.51,0.46
3101,1323,18.97,-0.29
3102,1319,11.51,0.46
3102,1323,18.97,-0.29
3103,1319,11.51,0.46
3103,1323,18.97,-0.29
3104,1319,11.51,0.46
3104,1323,18.97,-0.29
3105,1319,11.51,0.46
3105,1323,18.97,-0.29
3106,1319,11.51,0.46
3106,1323,18.97,-0.29
3107,1319,11.51,0.46
3107,1323,18.97,-0.29
3108,1319,11.51,0.46
3108,1323,18.97,-0.29
3109,1319,11.51,0.46
3109,1323,18.97,-0.29
3110,1319,11.51,0.46
3110,1323,18.97,-0.29
3111,1319,9.09,0.5
3111,1323,18.97,-0.29
3112,1319,4.39,-0.05
3112,1323,16.86,-0.08
3113,1319,-0.86,-4.37
3113,1323,12.28,0.38
3114,1319,-2.73,-11.2
3114,1323,5.69,0.35
3115,1319,-3.68,-20.69
3115,1323,-0.09,-3.33
3116,1319,-4.84,-32.28
3116,1323,-2.73,-11.16
3117,1319,-5.9,-42.87
3117,1323,-3.69,-20.83
3118,1319,-7.0,-53.85
3118,1323,-4.82,-32.07
3119,1319,-8.09,-64.76
3119,1323,-5.9,-42.9
3120,1319,-9.17,-75.57
3120,1323,-7.11,-54.96
3121,1319,-10.23,-86.19
3121,1323,-8.21,-66.02
3122,1319,-11.31,-96.97
3122,1323,-9.33,-77.22
3123,1319,-12.48,-108.65
3123,1323,-10.4,-87.87
3124,1319,-13.54,-119.26
3124,1323,-11.57,-99.64
3125,1319,-14.7,-130.94
3125,1323,-12.62,-110.13
3126,1319,-15.75,-141.45
3126,1323,-13.79,-121.79
3127,1319,-16.87,-152.62
3127,1323,-14.82,-132.06
3128,1319,-17.93,-163.24
3128,1323,-15.98,-143.71
3129,1319,-18.98,-173.7
3129,1323,-16.98,-153.71
3130,1319,-20.15,-185.4
3130,1323,-18.01,-164.0
3131,1319,-21.28,-196.69
3131,1323,-19.15,-175.37
3132,1319,-22.42,-208.09
3132,1323,-20.34,-187.29
3133,1319,-23.58,-219.67
3133,1323,-24.6,-197.79
3134,1319,-24.66,-230.47
3134,1323,-25.83,-210.1
3135,1319,-25.72,-241.15
3135,1323,-27.11,-222.85
3136,1319,-26.77,-251.64
3136,1323,-28.37,-235.43
3137,1319,-27.85,-262.43
3137,1323,-29.63,-248.0
3138,1319,-28.92,-273.13
3138,1323,-30.86,-260.35
3139,1319,-30.04,-284.28
3139,1323,-32.06,-272.34
3140,1319,-31.15,-295.41
3140,1323,-33.36,-285.37
3141,1319,-32.23,-306.22
3141,1323,-34.64,-298.18
3142,1319,-33.39,-317.82
3142,1323,-35.84,-310.12
3143,1319,-34.56,-329.54
3143,1323,-37.14,-323.17
3144,1319,-35.65,-340.38
3144,1323,-38.35,-335.19
3145,1319,-36.74,-351.31
3145,1323,-39.57,-347.44
3146,1319,-37.84,-362.32
3146,1323,-40.82,-359.94
3147,1319,-38.9,-372.88
3147,1323,-42.05,-372.19
3148,1319,-39.98,-383.77
3148,1323,-43.37,-385.4
3149,1319,-41.15,-395.46
3149,1323,-44.56,-397.34
3150,1319,-42.31,-407.02
3150,1323,-45.86,-410.29
3151,1319,-43.39,-417.87
3151,1323,-47.07,-422.45
3152,1319,-44.51,-428.98
3152,1323,-48.29,-434.64
3153,1319,-45.55,-439.46
3153,1323,-49.61,-447.81
3154,1319,-46.61,-450.05
3154,1323,-50.85,-460.22
3155,1319,-47.74,-461.33
3155,1323,-52.08,-472.52
3156,1319,-48.91,-473.04
3156,1323,-53.3,-484.77
3157,1319,-49.97,-483.67
3157,1323,-54.51,-496.78
3158,1319,-54.22,-493.95
3347,1464,495.41,-44.71
3348,1464,493.09,-44.48
3349,1464,488.77,-44.05
3350,1464,482.74,-43.45
3351,1464,474.61,-42.63
3352,1464,464.58,-41.63
3353,1464,452.82,-40.45
3354,1464,439.2,-39.09
3355,1464,425.07,-37.68
3356,1464,410.8,-36.25
3357,1464,396.91,-34.86
3358,1464,383.46,-33.52
3359,1464,369.62,-32.14
3360,1464,355.78,-30.75
3361,1464,341.5,-29.32
3362,1464,327.77,-31.17
3363,1464,313.44,-29.74
3364,1464,299.73,-28.36
3365,1464,286.14,-27.01
3366,1464,272.17,-25.61
3367,1464,258.38,-24.23
3368,1464,244.3,-22.82
3369,1464,230.71,-21.46
3370,1464,216.65,-20.06
3371,1464,202.6,-18.65
3372,1464,188.56,-17.25
3373,1464,175.28,-15.92
3374,1464,161.17,-14.51
3375,1464,147.5,-13.14
3376,1464,134.08,-11.8
3377,1464,120.57,-10.45
3378,1464,106.44,-9.03
3379,1464,92.45,-7.63
3380,1464,79.13,-6.3
3381,1464,65.9,-4.98
3382,1464,52.0,-3.59
3383,1464,38.65,-2.25
3384,1464,24.84,-0.87
3385,1464,11.08,0.5
3386,1464,2.08,-1.14
3387,1464,-2.18,-8.35
3388,1464,-3.29,-16.78
3389,1464,-4.31,-26.95
3390,1464,-5.57,-39.61
3391,1464,-6.95,-53.42
3392,1464,-8.3,-66.88
3393,1464,-9.62,-80.13
3394,1464,-10.95,-93.44
3395,1464,-12.35,-107.42
3396,1464,-13.69,-120.76
3397,1464,-15.03,-134.24
3398,1464,-16.37,-147.58
3399,1464,-17.74,-161.35
3400,1464,-19.1,-174.9
3401,1464,-20.52,-189.14
3402,1464,-21.86,-202.49
3403,1464,-23.17,-215.61
3404,1464,-24.55,-229.37
3405,1464,-25.97,-243.62
3406,1464,-27.35,-257.41
3407,1464,-28.67,-270.62
3408,1464,-30.03,-284.23
3409,1464,-31.44,-298.28
3410,1464,-32.77,-311.66
3411,1464,-34.12,-325.11
3412,1464,-35.47,-338.62
3413,1464,-36.84,-352.34
3414,1464,-38.18,-365.75
3415,1464,-39.59,-379.81
3416,1464,-40.93,-393.21
3417,1464,-42.26,-406.54
3418,1464,-43.6,-419.9
3419,1464,-44.99,-433.8
3420,1464,-46.43,-448.2
3421,1464,-47.85,-462.45
3422,1464,-49.2,-475.89
3423,1464,-50.54,-489.38
